,luciana_26,luciana_38
luciana_26,0.0,0.7779802140231604
luciana_38,0.7779802140231604,0.0
